{"accuracy": [0.35892412066459656, 0.4881546199321747, 0.5439080595970154, 0.5966334342956543, 0.6215710639953613, 0.636444628238678, 0.6698432564735413, 0.6902387142181396, 0.7005699872970581, 0.7132169604301453, 0.7285358309745789, 0.737174928188324, 0.7521375417709351, 0.7540969252586365, 0.7614891529083252, 0.7668328881263733, 0.7777876853942871, 0.7817955017089844, 0.7871392965316772], "loss": [2.097980499267578, 1.3886312246322632, 1.1842519044876099, 1.0633784532546997, 0.9933570623397827, 0.9577932357788086, 0.8838039636611938, 0.8503974676132202, 0.8146814107894897, 0.785021185874939, 0.7459120750427246, 0.7316414713859558, 0.710244357585907, 0.6844850182533264, 0.6678683757781982, 0.6551445722579956, 0.6314685940742493, 0.6183369755744934, 0.5971712470054626], "val_accuracy": [0.2740556001663208, 0.4166072607040405, 0.5887384414672852, 0.5666428804397583, 0.6019244194030762, 0.6204561591148376, 0.64433354139328, 0.6183179020881653, 0.6674982309341431, 0.6332858204841614, 0.5727013349533081, 0.6660727262496948, 0.7120456099510193, 0.7181040644645691, 0.696008563041687, 0.681397020816803, 0.681397020816803, 0.6379187703132629, 0.6546685695648193], "val_loss": [2.0678300857543945, 1.7514914274215698, 1.1157519817352295, 1.207094430923462, 1.122435450553894, 1.0983887910842896, 0.9510321617126465, 1.0336731672286987, 0.8562978506088257, 0.9215792417526245, 1.0915471315383911, 0.8581036329269409, 0.7694972157478333, 0.7488175630569458, 0.8220412135124207, 0.8313173651695251, 0.8120447993278503, 1.0384774208068848, 0.9257363677024841]}